ano,mes,temperatura_media_c,temperatura_maxima_c,temperatura_minima_c,precipitacao_media_dia_valido_mm,maior_chuva_diaria_mm,dias_validos_temperatura,dias_validos_precipitacao,dias_chuvosos,dias_esperados,cobertura_temperatura,cobertura_precipitacao,proporcao_dias_chuvosos,temperatura_adequada_90,precipitacao_adequada_90
2002,1,23.29001449275362,33.3,12.7,11.48,72.6,25,25,11.0,31,0.8064516129032258,0.8064516129032258,0.44,False,False
2002,2,21.84583333333333,28.0,18.1,16.400000000000002,41.6,3,3,2.0,28,0.10714285714285714,0.10714285714285714,0.6666666666666666,False,False
2002,3,24.596467391304348,34.3,18.3,1.1454545454545455,13.0,22,22,4.0,31,0.7096774193548387,0.7096774193548387,0.18181818181818182,False,False
2002,4,26.179166666666664,33.8,20.0,0.0,0.0,1,1,0.0,30,0.03333333333333333,0.03333333333333333,0.0,False,False
2002,5,19.62384594739667,30.3,11.5,3.4962962962962965,28.000000000000004,27,27,7.0,31,0.8709677419354839,0.8709677419354839,0.25925925925925924,False,False
2002,6,20.588,30.1,11.5,0.0,0.0,25,25,0.0,30,0.8333333333333334,0.8333333333333334,0.0,False,False
2002,7,17.712811479635675,30.9,7.2,1.4521739130434785,20.200000000000003,23,23,4.0,31,0.7419354838709677,0.7419354838709677,0.17391304347826086,False,False
2002,8,21.69455128205128,32.0,12.7,2.2615384615384615,25.800000000000004,26,26,4.0,31,0.8387096774193549,0.8387096774193549,0.15384615384615385,False,False
2002,9,20.191487240829346,33.1,4.5,1.9684210526315788,18.0,19,19,4.0,30,0.6333333333333333,0.6333333333333333,0.21052631578947367,False,False
2002,10,26.675543478260867,38.7,15.5,0.35000000000000003,4.2,12,12,1.0,31,0.3870967741935484,0.3870967741935484,0.08333333333333333,False,False
2002,11,23.902053140096616,35.5,16.5,1.8666666666666671,10.000000000000002,6,6,1.0,30,0.2,0.2,0.16666666666666666,False,False
2002,12,24.36374670619236,34.6,16.9,8.09,76.0,20,20,7.0,31,0.6451612903225806,0.6451612903225806,0.35,False,False
2003,1,23.90928928614205,33.8,16.6,14.072727272727274,51.0,22,22,16.0,31,0.7096774193548387,0.7096774193548387,0.7272727272727273,False,False
2003,2,24.773136363636365,36.3,19.0,7.964705882352941,47.6,17,17,8.0,28,0.6071428571428571,0.6071428571428571,0.47058823529411764,False,False
2003,3,23.67301204984629,35.2,16.6,2.9250000000000003,22.599999999999998,24,24,7.0,31,0.7741935483870968,0.7741935483870968,0.2916666666666667,False,False
2003,4,21.94572197126545,31.9,10.1,2.7142857142857144,49.400000000000006,21,21,4.0,30,0.7,0.7,0.19047619047619047,False,False
2003,5,18.299108319217016,30.6,6.3,0.9571428571428572,17.6,28,28,3.0,31,0.9032258064516129,0.9032258064516129,0.10714285714285714,True,True
2003,6,19.81009268093226,29.4,10.5,1.1517241379310343,14.8,29,29,3.0,30,0.9666666666666667,0.9666666666666667,0.10344827586206896,True,True
2003,7,19.030372749231447,29.6,8.2,0.4666666666666667,12.8,30,30,2.0,31,0.967741935483871,0.967741935483871,0.06666666666666667,True,True
2003,8,18.168456112852663,33.0,6.4,1.1793103448275861,19.4,29,29,3.0,31,0.9354838709677419,0.9354838709677419,0.10344827586206896,True,True
2003,9,21.173115942028986,37.6,8.8,0.5400000000000001,6.800000000000001,30,30,3.0,30,1.0,1.0,0.1,True,True
2003,10,22.154119455423803,36.2,10.7,3.2800000000000002,31.6,30,30,8.0,31,0.967741935483871,0.967741935483871,0.26666666666666666,True,True
2003,11,22.594782608695652,36.3,11.1,4.906666666666666,65.8,30,30,10.0,30,1.0,1.0,0.3333333333333333,True,True
2003,12,23.761344000202694,34.4,16.5,8.1,43.2,26,26,13.0,31,0.8387096774193549,0.8387096774193549,0.5,False,False
2004,1,23.060406307110377,33.3,15.8,8.529032258064515,57.8,31,31,14.0,31,1.0,1.0,0.45161290322580644,True,True
2004,2,23.233506258234517,32.6,15.8,5.707692307692308,35.4,26,26,11.0,29,0.896551724137931,0.896551724137931,0.4230769230769231,False,False
2004,3,23.236100131752305,32.8,17.9,4.633333333333333,15.799999999999999,6,6,3.0,31,0.1935483870967742,0.1935483870967742,0.5,False,False
2004,4,,,,,,0,0,0.0,30,0.0,0.0,,False,False
2004,5,,,,,,0,0,0.0,31,0.0,0.0,,False,False
2004,6,,,,,,0,0,0.0,30,0.0,0.0,,False,False
2004,7,,,,,,0,0,0.0,31,0.0,0.0,,False,False
2004,8,,,,,,0,0,0.0,31,0.0,0.0,,False,False
2004,9,,,,,,0,0,0.0,30,0.0,0.0,,False,False
2004,10,,,,,,0,0,0.0,31,0.0,0.0,,False,False
2004,11,23.389558629776023,35.2,13.8,1.1090909090909091,6.4,11,11,2.0,30,0.36666666666666664,0.36666666666666664,0.18181818181818182,False,False
2004,12,22.81629266012155,34.3,14.4,4.892857142857143,58.599999999999994,31,28,10.0,31,1.0,0.9032258064516129,0.35714285714285715,True,True
2005,1,23.15937353903693,33.6,16.4,14.27741935483871,131.4,31,31,18.0,31,1.0,1.0,0.5806451612903226,True,True
2005,2,23.910807971014492,36.2,15.4,4.750000000000001,65.00000000000001,28,28,7.0,28,1.0,1.0,0.25,True,True
2005,3,23.4163920056101,35.3,15.1,7.0260869565217385,78.6,31,23,7.0,31,1.0,0.7419354838709677,0.30434782608695654,True,False
2005,4,22.980072463768117,33.4,14.1,0.8666666666666667,9.6,30,30,6.0,30,1.0,1.0,0.2,True,True
2005,5,20.35255376344086,31.5,12.0,2.574193548387097,29.400000000000002,31,31,4.0,31,1.0,1.0,0.12903225806451613,True,True
2005,6,19.30388888888889,28.5,12.5,1.8533333333333333,24.200000000000003,30,30,4.0,30,1.0,1.0,0.13333333333333333,True,True
2005,7,17.743998363721367,29.6,6.9,0.2645161290322581,3.8000000000000003,31,31,3.0,31,1.0,1.0,0.0967741935483871,True,True
2005,8,20.880510752688174,34.2,5.2,0.432258064516129,12.8,31,31,1.0,31,1.0,1.0,0.03225806451612903,True,True
2005,9,21.497261528326746,32.2,11.7,1.8719999999999999,20.4,25,25,6.0,30,0.8333333333333334,0.8333333333333334,0.24,False,False
2005,10,25.950315059861374,33.1,20.6,4.608695652173913,31.999999999999996,23,23,8.0,31,0.7419354838709677,0.7419354838709677,0.34782608695652173,False,False
2005,11,24.135393460294644,33.3,16.7,1.9090909090909092,20.8,11,11,1.0,30,0.36666666666666664,0.36666666666666664,0.09090909090909091,False,False
2005,12,22.541989337822674,32.0,14.5,6.881481481481482,65.4,27,27,8.0,31,0.8709677419354839,0.8709677419354839,0.2962962962962963,False,False
2006,1,24.037096774193547,35.4,17.8,6.387096774193548,48.8,31,31,11.0,31,1.0,1.0,0.3548387096774194,True,True
2006,2,23.56680283816425,34.6,17.9,10.783333333333333,63.6,24,24,14.0,28,0.8571428571428571,0.8571428571428571,0.5833333333333334,False,False
2006,3,23.86236111111111,33.7,17.7,1.8133333333333332,16.4,30,30,8.0,31,0.967741935483871,0.967741935483871,0.26666666666666666,True,True
2006,4,21.299839743589743,30.8,13.5,0.5384615384615384,8.0,26,26,3.0,30,0.8666666666666667,0.8666666666666667,0.11538461538461539,False,False
2006,5,18.570872338950142,29.5,8.1,0.011764705882352941,0.2,19,17,0.0,31,0.6129032258064516,0.5483870967741935,0.0,False,False
2006,6,18.322557471264368,27.7,8.4,0.4827586206896552,13.8,29,29,1.0,30,0.9666666666666667,0.9666666666666667,0.034482758620689655,True,True
2006,7,19.499509116409538,32.5,10.9,1.2193548387096773,12.999999999999998,31,31,6.0,31,1.0,1.0,0.1935483870967742,True,True
2006,8,20.76597222222222,34.2,7.6,0.5933333333333334,12.8,30,30,2.0,31,0.967741935483871,0.967741935483871,0.06666666666666667,True,True
2006,9,20.161679292929293,36.0,4.9,2.3800000000000003,23.6,30,30,6.0,30,1.0,1.0,0.2,True,True
2006,10,22.704704301075267,36.7,11.6,2.193548387096774,22.400000000000002,31,31,8.0,31,1.0,1.0,0.25806451612903225,True,True
2006,11,23.577073451910408,36.9,10.1,2.4266666666666667,26.6,30,30,7.0,30,1.0,1.0,0.23333333333333334,True,True
2006,12,23.97549672744273,33.5,17.2,9.516129032258064,61.0,31,31,16.0,31,1.0,1.0,0.5161290322580645,True,True
2007,1,23.148971482000935,32.2,18.0,13.129032258064516,45.2,31,31,20.0,31,1.0,1.0,0.6451612903225806,True,True
2007,2,23.89657738095238,33.4,15.4,7.3500000000000005,101.6,28,28,10.0,28,1.0,1.0,0.35714285714285715,True,True
2007,3,24.34625,34.8,15.0,1.74,22.6,30,30,9.0,31,0.967741935483871,0.967741935483871,0.3,True,True
2007,4,22.64375,34.6,14.5,2.4066666666666667,34.8,30,30,5.0,30,1.0,1.0,0.16666666666666666,True,True
2007,5,18.539927536231882,30.7,6.3,1.7066666666666668,22.8,30,30,7.0,31,0.967741935483871,0.967741935483871,0.23333333333333334,True,True
2007,6,19.348170289855073,29.3,5.1,0.13333333333333333,3.2,30,30,1.0,30,1.0,1.0,0.03333333333333333,True,True
2007,7,17.356796400187005,30.4,4.2,9.051612903225807,83.4,31,31,6.0,31,1.0,1.0,0.1935483870967742,True,True
2007,8,20.06682445067789,31.9,10.1,0.0,0.0,31,31,0.0,31,1.0,1.0,0.0,True,True
2007,9,23.086938405797103,36.0,13.2,0.14,3.4000000000000004,30,30,1.0,30,1.0,1.0,0.03333333333333333,True,True
2007,10,23.787722066386163,37.0,14.0,1.9419354838709677,26.799999999999997,31,31,7.0,31,1.0,1.0,0.22580645161290322,True,True
2007,11,22.00689655172414,34.0,11.1,8.662068965517241,89.8,29,29,11.0,30,0.9666666666666667,0.9666666666666667,0.3793103448275862,True,True
2007,12,23.523024777933614,35.2,14.6,7.445161290322581,67.2,31,31,10.0,31,1.0,1.0,0.3225806451612903,True,True
2008,1,22.096370967741933,33.0,16.1,8.316129032258065,48.2,31,31,17.0,31,1.0,1.0,0.5483870967741935,True,True
2008,2,22.954293103448276,33.2,16.9,5.572413793103448,49.2,29,29,13.0,29,1.0,1.0,0.4482758620689655,True,True
2008,3,22.518450635386117,32.9,15.1,3.754838709677419,47.6,31,31,10.0,31,1.0,1.0,0.3225806451612903,True,True
2008,4,21.076805555555556,31.2,13.2,5.093333333333334,36.8,30,30,12.0,30,1.0,1.0,0.4,True,True
2008,5,17.820015194015895,28.9,9.7,3.0000000000000004,40.6,31,31,6.0,31,1.0,1.0,0.1935483870967742,True,True
2008,6,17.909366490996927,28.4,4.9,2.22,21.200000000000003,30,30,6.0,30,1.0,1.0,0.2,True,True
2008,7,18.394354838709678,29.9,10.3,0.012903225806451613,0.4,31,31,0.0,31,1.0,1.0,0.0,True,True
2008,8,20.00766129032258,31.9,9.7,1.761290322580645,18.2,31,31,6.0,31,1.0,1.0,0.1935483870967742,True,True
2008,9,19.56985507246377,35.7,8.7,0.0,0.0,30,30,0.0,30,1.0,1.0,0.0,True,True
2008,10,22.393186068256195,36.4,12.8,4.025806451612903,27.4,31,31,8.0,31,1.0,1.0,0.25806451612903225,True,True
2008,11,22.341805555555556,33.6,13.9,3.573333333333333,42.4,30,30,10.0,30,1.0,1.0,0.3333333333333333,True,True
2008,12,23.07043010752688,35.6,13.3,4.367741935483871,53.2,31,31,10.0,31,1.0,1.0,0.3225806451612903,True,True
2009,1,22.31899675162419,34.6,15.4,8.434482758620689,41.6,29,29,17.0,31,0.9354838709677419,0.9354838709677419,0.5862068965517241,True,True
2009,2,,,,,,0,0,0.0,28,0.0,0.0,,False,False
2009,3,23.056250000000002,31.1,16.8,0.16666666666666666,1.0,6,6,1.0,31,0.1935483870967742,0.1935483870967742,0.16666666666666666,False,False
2009,4,21.56513888888889,31.8,13.7,0.26666666666666666,4.4,30,30,2.0,30,1.0,1.0,0.06666666666666667,True,True
2009,5,19.693817204301077,30.5,10.1,1.4580645161290322,16.2,31,31,5.0,31,1.0,1.0,0.16129032258064516,True,True
2009,6,15.981388888888889,27.0,4.7,1.8666666666666667,18.0,30,30,8.0,30,1.0,1.0,0.26666666666666666,True,True
2009,7,18.638020833333332,27.5,13.6,0.5,3.0000000000000004,8,8,2.0,31,0.25806451612903225,0.25806451612903225,0.25,False,False
2009,8,,,,,,0,0,0.0,31,0.0,0.0,,False,False
2009,9,21.65224358974359,32.9,12.4,1.0923076923076924,8.4,13,13,3.0,30,0.43333333333333335,0.43333333333333335,0.23076923076923078,False,False
2009,10,20.215151515151515,32.0,11.7,8.363636363636363,27.6,11,11,6.0,31,0.3548387096774194,0.3548387096774194,0.5454545454545454,False,False
2009,11,,,,,,0,0,0.0,30,0.0,0.0,,False,False
2009,12,,,,,,0,0,0.0,31,0.0,0.0,,False,False
2010,1,,,,,,0,0,0.0,31,0.0,0.0,,False,False
2010,2,24.369814814814816,34.4,18.3,1.4814814814814814,11.999999999999998,27,27,8.0,28,0.9642857142857143,0.9642857142857143,0.2962962962962963,True,True
2010,3,23.621111111111112,34.4,16.0,1.8133333333333332,17.799999999999997,30,30,10.0,31,0.967741935483871,0.967741935483871,0.3333333333333333,True,True
2010,4,21.15739898989899,32.0,11.3,2.7666666666666666,57.8,30,30,5.0,30,1.0,1.0,0.16666666666666666,True,True
2010,5,18.206854838709678,30.3,8.6,0.9870967741935484,15.0,31,31,4.0,31,1.0,1.0,0.12903225806451613,True,True
2010,6,17.45041666666667,29.4,7.7,0.8533333333333333,15.2,30,30,2.0,30,1.0,1.0,0.06666666666666667,True,True
2010,7,19.239224137931036,30.1,11.1,2.53103448275862,37.8,29,29,3.0,31,0.9354838709677419,0.9354838709677419,0.10344827586206896,True,True
2010,8,19.316092995169083,34.1,5.9,0.0,0.0,30,30,0.0,31,0.967741935483871,0.967741935483871,0.0,True,True
2010,9,21.563839285714288,35.9,12.8,2.678571428571428,33.599999999999994,28,28,5.0,30,0.9333333333333333,0.9333333333333333,0.17857142857142858,True,True
2010,10,21.91685736079329,35.1,11.5,3.0842105263157893,18.4,19,19,5.0,31,0.6129032258064516,0.6129032258064516,0.2631578947368421,False,False
2010,11,22.96013888888889,35.0,14.3,2.7133333333333334,25.799999999999997,30,30,6.0,30,1.0,1.0,0.2,True,True
2010,12,23.56733870967742,34.4,16.2,6.567741935483871,23.2,31,31,17.0,31,1.0,1.0,0.5483870967741935,True,True
2011,1,23.9625,33.8,18.1,14.303225806451612,57.4,31,31,19.0,31,1.0,1.0,0.6129032258064516,True,True
2011,2,24.092922619047616,33.4,18.9,5.764285714285714,47.800000000000004,28,28,12.0,28,1.0,1.0,0.42857142857142855,True,True
2011,3,22.165115169687883,32.4,17.6,4.4896551724137925,28.8,29,29,12.0,31,0.9354838709677419,0.9354838709677419,0.41379310344827586,True,True
2011,4,21.772222222222222,31.4,14.3,2.7733333333333334,28.4,30,30,8.0,30,1.0,1.0,0.26666666666666666,True,True
2011,5,18.103360215053762,29.2,7.7,0.8709677419354839,19.8,31,31,2.0,31,1.0,1.0,0.06451612903225806,True,True
2011,6,16.487777777777776,27.8,3.0,1.3333333333333333,21.799999999999997,30,30,2.0,30,1.0,1.0,0.06666666666666667,True,True
2011,7,19.13010752688172,30.7,6.8,0.264516129032258,7.4,31,31,1.0,31,1.0,1.0,0.03225806451612903,True,True
2011,8,20.145295698924734,35.1,2.1,1.1612903225806455,17.800000000000004,31,31,4.0,31,1.0,1.0,0.12903225806451613,True,True
2011,9,21.099722222222223,37.4,8.2,0.1,1.5999999999999999,30,30,1.0,30,1.0,1.0,0.03333333333333333,True,True
2011,10,21.91161757830762,36.6,13.1,5.800000000000001,34.0,31,31,12.0,31,1.0,1.0,0.3870967741935484,True,True
2011,11,21.794722222222223,33.6,12.0,3.9133333333333336,38.2,30,30,9.0,30,1.0,1.0,0.3,True,True
2011,12,23.493817204301077,33.1,13.2,5.716129032258065,70.4,31,31,12.0,31,1.0,1.0,0.3870967741935484,True,True
2012,1,22.114112903225806,33.0,14.7,7.580645161290323,88.6,31,31,16.0,31,1.0,1.0,0.5161290322580645,True,True
2012,2,24.456678160919537,35.8,17.1,2.4896551724137934,20.0,29,29,9.0,29,1.0,1.0,0.3103448275862069,True,True
2012,3,23.24771505376344,34.2,13.7,4.606451612903225,63.8,31,31,7.0,31,1.0,1.0,0.22580645161290322,True,True
2012,4,22.043055555555554,32.8,11.9,5.44,41.2,30,30,8.0,30,1.0,1.0,0.26666666666666666,True,True
2012,5,18.488844086021505,28.4,9.0,2.5548387096774197,39.8,31,31,5.0,31,1.0,1.0,0.16129032258064516,True,True
2012,6,18.04111111111111,28.2,10.4,6.52,50.0,30,30,11.0,30,1.0,1.0,0.36666666666666664,True,True
2012,7,18.122311827956988,30.3,6.6,0.3419354838709677,3.5999999999999996,31,31,4.0,31,1.0,1.0,0.12903225806451613,True,True
2012,8,20.212361111111115,30.1,10.0,0.0,0.0,30,30,0.0,31,0.967741935483871,0.967741935483871,0.0,True,True
2012,9,22.025277777777777,35.5,6.5,2.8399999999999994,64.6,30,30,4.0,30,1.0,1.0,0.13333333333333333,True,True
2012,10,24.22493571762506,38.6,14.1,1.4774193548387096,10.799999999999999,31,31,9.0,31,1.0,1.0,0.2903225806451613,True,True
2012,11,23.225833333333334,34.8,12.7,4.1866666666666665,38.6,30,30,8.0,30,1.0,1.0,0.26666666666666666,True,True
2012,12,25.061693548387098,36.9,18.9,3.7032258064516133,25.6,31,31,11.0,31,1.0,1.0,0.3548387096774194,True,True
2013,1,22.869220430107525,33.0,15.3,8.32258064516129,59.8,31,31,14.0,31,1.0,1.0,0.45161290322580644,True,True
2013,2,23.543994047619048,34.3,17.8,5.164285714285714,37.599999999999994,28,28,15.0,28,1.0,1.0,0.5357142857142857,True,True
2013,3,22.81077586206897,34.4,16.3,6.6689655172413795,64.60000000000001,29,29,11.0,31,0.9354838709677419,0.9354838709677419,0.3793103448275862,True,True
2013,4,20.847222222222225,31.5,11.8,3.2666666666666666,40.0,30,30,4.0,30,1.0,1.0,0.13333333333333333,True,True
2013,5,19.35698924731183,30.7,9.0,4.703225806451614,63.2,31,31,6.0,31,1.0,1.0,0.1935483870967742,True,True
2013,6,18.35441919191919,27.8,11.9,2.4200000000000004,21.8,30,30,9.0,30,1.0,1.0,0.3,True,True
2013,7,17.411458333333332,25.0,12.3,3.85,15.4,4,4,1.0,31,0.12903225806451613,0.12903225806451613,0.25,False,False
2013,8,,,,,,0,0,0.0,31,0.0,0.0,,False,False
2013,9,19.582789855072463,35.3,7.3,3.6999999999999997,29.4,14,14,4.0,30,0.4666666666666667,0.4666666666666667,0.2857142857142857,False,False
2013,10,21.87758882655446,34.3,12.2,4.27741935483871,40.6,31,31,9.0,31,1.0,1.0,0.2903225806451613,True,True
2013,11,22.92611111111111,35.5,15.0,5.626666666666666,52.4,30,30,9.0,30,1.0,1.0,0.3,True,True
2013,12,24.48709677419355,35.6,14.3,1.632258064516129,19.6,31,31,8.0,31,1.0,1.0,0.25806451612903225,True,True
2014,1,25.088253856942497,35.4,17.1,3.0193548387096776,20.8,31,31,11.0,31,1.0,1.0,0.3548387096774194,True,True
2014,2,25.071363095238095,37.1,18.3,4.4714285714285715,29.8,28,28,9.0,28,1.0,1.0,0.32142857142857145,True,True
2014,3,23.374386395511923,33.3,16.5,4.006451612903226,32.4,31,31,9.0,31,1.0,1.0,0.2903225806451613,True,True
2014,4,21.95513888888889,32.6,13.1,2.4,24.2,30,30,5.0,30,1.0,1.0,0.16666666666666666,True,True
2014,5,19.275134408602153,29.2,9.3,1.9161290322580642,38.599999999999994,31,31,3.0,31,1.0,1.0,0.0967741935483871,True,True
2014,6,19.16638888888889,29.2,8.1,0.09333333333333332,1.8,30,30,1.0,30,1.0,1.0,0.03333333333333333,True,True
2014,7,17.94435483870968,30.3,7.9,0.8,11.8,31,31,4.0,31,1.0,1.0,0.12903225806451613,True,True
2014,8,20.667443899018235,35.5,9.1,0.6000000000000001,13.8,31,31,2.0,31,1.0,1.0,0.06451612903225806,True,True
2014,9,22.01097222222222,35.1,12.0,3.6399999999999997,30.4,30,30,11.0,30,1.0,1.0,0.36666666666666664,True,True
2014,10,24.29658657513349,39.6,11.8,0.05263157894736842,0.8,19,19,0.0,31,0.6129032258064516,0.6129032258064516,0.0,False,False
2014,11,,,,,,0,0,0.0,30,0.0,0.0,,False,False
2014,12,23.689027777777778,35.1,15.2,6.493333333333334,62.4,30,30,15.0,31,0.967741935483871,0.967741935483871,0.5,True,True
2015,1,25.54613721365124,36.9,18.0,4.580645161290323,20.999999999999996,31,31,12.0,31,1.0,1.0,0.3870967741935484,True,True
2015,2,23.82117857142857,34.3,17.9,3.8928571428571423,24.4,28,28,13.0,28,1.0,1.0,0.4642857142857143,True,True
2015,3,22.76465053763441,33.1,16.1,6.554838709677419,58.8,31,31,11.0,31,1.0,1.0,0.3548387096774194,True,True
2015,4,21.868091787439614,31.2,14.2,1.26,13.2,30,30,5.0,30,1.0,1.0,0.16666666666666666,True,True
2015,5,19.169892473118278,29.3,10.0,3.4387096774193546,56.199999999999996,31,31,7.0,31,1.0,1.0,0.22580645161290322,True,True
2015,6,18.942083333333336,28.7,9.4,0.04666666666666666,0.6,30,30,0.0,30,1.0,1.0,0.0,True,True
2015,7,18.511559139784946,29.7,11.5,2.361290322580645,24.599999999999998,31,31,9.0,31,1.0,1.0,0.2903225806451613,True,True
2015,8,20.751612903225805,34.2,12.0,0.567741935483871,7.0,31,31,4.0,31,1.0,1.0,0.12903225806451613,True,True
2015,9,22.756805555555555,37.3,12.4,6.066666666666666,58.0,30,30,9.0,30,1.0,1.0,0.3,True,True
2015,10,23.846569658719027,37.9,14.1,3.193548387096774,33.4,31,31,8.0,31,1.0,1.0,0.25806451612903225,True,True
2015,11,23.31027777777778,34.9,16.6,7.22,38.0,30,30,16.0,30,1.0,1.0,0.5333333333333333,True,True
2015,12,23.956796400187006,34.5,17.4,6.606451612903226,29.4,31,31,17.0,31,1.0,1.0,0.5483870967741935,True,True
2016,1,23.895564516129035,34.2,17.0,8.129032258064516,55.4,31,31,17.0,31,1.0,1.0,0.5483870967741935,True,True
2016,2,24.430912293853073,34.7,18.1,7.607142857142857,34.6,29,28,25.0,29,1.0,0.9655172413793104,0.8928571428571429,True,True
2016,3,23.6880376344086,32.9,16.7,,,31,0,0.0,31,1.0,0.0,,True,False
2016,4,23.808055555555555,35.7,6.9,1.1133333333333333,28.6,30,30,3.0,30,1.0,1.0,0.1,True,True
2016,5,18.505913978494625,28.7,8.4,3.1161290322580646,37.2,31,31,8.0,31,1.0,1.0,0.25806451612903225,True,True
2016,6,16.695416666666667,26.7,3.4,2.74,29.800000000000004,30,30,6.0,30,1.0,1.0,0.2,True,True
2016,7,18.455499064983638,30.5,4.6,0.23225806451612904,7.0,31,31,1.0,31,1.0,1.0,0.03225806451612903,True,True
2016,8,19.706182795698926,32.9,7.9,1.7483870967741937,18.0,31,31,6.0,31,1.0,1.0,0.1935483870967742,True,True
2016,9,20.196968599033816,34.6,7.4,0.72,14.2,30,30,4.0,30,1.0,1.0,0.13333333333333333,True,True
2016,10,22.314071996259933,36.8,10.1,2.948387096774194,25.8,31,31,7.0,31,1.0,1.0,0.22580645161290322,True,True
2016,11,22.923055555555553,34.1,11.6,2.6,21.999999999999996,30,30,7.0,30,1.0,1.0,0.23333333333333334,True,True
2016,12,23.983870967741936,35.1,16.1,4.077419354838709,21.8,31,31,13.0,31,1.0,1.0,0.41935483870967744,True,True
2017,1,23.515363487611033,34.2,18.3,12.69032258064516,131.8,31,31,19.0,31,1.0,1.0,0.6129032258064516,True,True
2017,2,24.918630952380955,34.8,18.3,4.1,82.2,28,28,7.0,28,1.0,1.0,0.25,True,True
2017,3,23.458736559139783,33.6,15.9,3.2903225806451615,37.0,31,31,7.0,31,1.0,1.0,0.22580645161290322,True,True
2017,4,21.60430555555556,32.5,11.6,3.3333333333333335,36.199999999999996,30,30,5.0,30,1.0,1.0,0.16666666666666666,True,True
2017,5,19.978447872837776,29.4,13.9,5.419354838709677,53.4,31,31,7.0,31,1.0,1.0,0.22580645161290322,True,True
2017,6,18.027916666666666,29.1,4.7,0.6666666666666666,8.0,30,30,4.0,30,1.0,1.0,0.13333333333333333,True,True
2017,7,17.49314516129032,27.9,4.9,0.0064516129032258064,0.2,31,31,0.0,31,1.0,1.0,0.0,True,True
2017,8,19.352150537634408,33.5,10.3,1.9548387096774194,23.6,31,31,6.0,31,1.0,1.0,0.1935483870967742,True,True
2017,9,23.38463768115942,34.6,13.4,0.44000000000000006,8.600000000000001,30,30,2.0,30,1.0,1.0,0.06666666666666667,True,True
2017,10,22.882918419822346,37.1,13.4,3.3741935483870966,36.0,31,31,7.0,31,1.0,1.0,0.22580645161290322,True,True
2017,11,22.537361111111114,34.2,14.2,7.433333333333334,65.6,30,30,13.0,30,1.0,1.0,0.43333333333333335,True,True
2017,12,24.238844086021505,35.5,17.3,3.0709677419354837,47.8,31,31,10.0,31,1.0,1.0,0.3225806451612903,True,True
2018,1,23.45971832632071,34.6,17.4,7.064516129032258,44.8,31,31,15.0,31,1.0,1.0,0.4838709677419355,True,True
2018,2,23.15503597308489,34.1,16.2,2.85,22.4,28,28,9.0,28,1.0,1.0,0.32142857142857145,True,True
2018,3,24.520026881720433,34.6,18.3,6.606451612903226,75.4,31,31,11.0,31,1.0,1.0,0.3548387096774194,True,True
2018,4,22.20931763285024,31.0,13.5,0.44000000000000006,4.4,30,30,3.0,30,1.0,1.0,0.1,True,True
2018,5,20.116263440860212,32.0,6.8,0.2967741935483871,8.0,31,31,1.0,31,1.0,1.0,0.03225806451612903,True,True
2018,6,19.83388888888889,30.2,11.8,0.41333333333333333,10.0,30,30,2.0,30,1.0,1.0,0.06666666666666667,True,True
2018,7,19.789772727272727,29.8,6.1,0.018181818181818184,0.2,11,11,0.0,31,0.3548387096774194,0.3548387096774194,0.0,False,False
2018,8,20.419999999999998,32.5,9.1,1.72,11.0,10,10,2.0,31,0.3225806451612903,0.3225806451612903,0.2,False,False
2018,9,21.10486111111111,35.7,10.5,3.0083333333333333,28.0,24,24,6.0,30,0.8,0.8,0.25,False,False
2018,10,22.501612903225805,34.0,14.0,5.329032258064516,57.0,31,31,12.0,31,1.0,1.0,0.3870967741935484,True,True
2018,11,23.036400966183574,34.5,15.9,4.066666666666666,39.0,30,30,11.0,30,1.0,1.0,0.36666666666666664,True,True
2018,12,24.81505376344086,35.7,13.5,5.27741935483871,50.8,31,31,8.0,31,1.0,1.0,0.25806451612903225,True,True
2019,1,25.47930107526882,37.1,17.9,4.567741935483871,28.6,31,31,13.0,31,1.0,1.0,0.41935483870967744,True,True
2019,2,23.959410714285713,37.0,17.3,3.592857142857143,26.8,28,28,9.0,28,1.0,1.0,0.32142857142857145,True,True
2019,3,23.51075853202431,32.5,16.4,1.0451612903225806,17.0,31,31,4.0,31,1.0,1.0,0.12903225806451613,True,True
2019,4,22.842361111111114,31.9,15.2,2.433333333333333,20.2,30,30,8.0,30,1.0,1.0,0.26666666666666666,True,True
2019,5,21.028494623655913,30.8,8.4,0.4129032258064516,4.8,31,31,5.0,31,1.0,1.0,0.16129032258064516,True,True
2019,6,19.787638888888885,29.6,8.7,0.4133333333333333,10.6,30,30,2.0,30,1.0,1.0,0.06666666666666667,True,True
2019,7,18.251612903225805,29.9,2.7,0.9096774193548388,16.6,31,31,2.0,31,1.0,1.0,0.06451612903225806,True,True
2019,8,20.0627688172043,35.5,10.6,0.264516129032258,2.4,31,31,4.0,31,1.0,1.0,0.12903225806451613,True,True
2019,9,23.16375,38.1,12.1,1.2866666666666666,20.2,30,30,5.0,30,1.0,1.0,0.16666666666666666,True,True
2019,10,24.754032258064516,37.3,14.2,1.7032258064516128,10.200000000000001,31,31,8.0,31,1.0,1.0,0.25806451612903225,True,True
2019,11,24.00027777777778,37.6,14.6,4.7,55.6,30,30,10.0,30,1.0,1.0,0.3333333333333333,True,True
2019,12,23.95318489948574,35.1,14.9,6.393548387096774,66.39999999999999,31,31,12.0,31,1.0,1.0,0.3870967741935484,True,True
2020,1,24.164650537634408,35.2,16.0,6.1096774193548375,54.599999999999994,31,31,14.0,31,1.0,1.0,0.45161290322580644,True,True
2020,2,22.945689655172412,32.8,15.7,10.958620689655174,99.8,29,29,13.0,29,1.0,1.0,0.4482758620689655,True,True
2020,3,23.27204301075269,33.9,15.4,0.38064516129032255,5.6,31,31,3.0,31,1.0,1.0,0.0967741935483871,True,True
2020,4,21.45041666666667,33.7,11.7,0.6066666666666667,12.0,30,30,3.0,30,1.0,1.0,0.1,True,True
2020,5,18.443279569892475,30.5,8.0,0.9161290322580645,18.2,31,31,3.0,31,1.0,1.0,0.0967741935483871,True,True
2020,6,20.00986111111111,29.9,11.7,2.2733333333333334,27.4,30,30,8.0,30,1.0,1.0,0.26666666666666666,True,True
2020,7,19.648387096774194,29.9,6.3,0.2838709677419355,7.6000000000000005,31,31,2.0,31,1.0,1.0,0.06451612903225806,True,True
2020,8,19.447849462365593,33.2,6.0,1.9354838709677418,38.599999999999994,31,31,3.0,31,1.0,1.0,0.0967741935483871,True,True
2020,9,24.705277777777777,40.4,13.0,0.20666666666666664,5.6,30,30,1.0,30,1.0,1.0,0.03333333333333333,True,True
2020,10,24.706720430107527,41.6,13.3,1.1419354838709677,8.2,31,31,7.0,31,1.0,1.0,0.22580645161290322,True,True
2020,11,24.032500000000002,37.3,12.2,2.04,18.200000000000003,30,30,7.0,30,1.0,1.0,0.23333333333333334,True,True
2020,12,23.815188172043012,33.4,17.2,12.180645161290323,62.199999999999996,31,31,18.0,31,1.0,1.0,0.5806451612903226,True,True
2021,1,24.24150303880318,33.1,17.7,5.077419354838709,48.0,31,31,12.0,31,1.0,1.0,0.3870967741935484,True,True
2021,2,23.748104296066252,33.8,16.3,4.828571428571428,54.199999999999996,28,28,9.0,28,1.0,1.0,0.32142857142857145,True,True
2021,3,24.000403225806455,33.7,16.2,3.367741935483871,48.199999999999996,31,31,6.0,31,1.0,1.0,0.1935483870967742,True,True
2021,4,21.132010869565217,33.2,13.4,0.9333333333333333,13.6,30,30,3.0,30,1.0,1.0,0.1,True,True
2021,5,20.188690476190477,30.9,9.7,0.17142857142857143,3.6,21,21,1.0,31,0.6774193548387096,0.6774193548387096,0.047619047619047616,False,False
2021,6,17.906076388888888,29.6,2.0,0.08333333333333333,1.4,24,24,1.0,30,0.8,0.8,0.041666666666666664,False,False
2021,7,17.210833333333333,30.8,1.6,0.3133333333333333,9.399999999999999,30,30,1.0,31,0.967741935483871,0.967741935483871,0.03333333333333333,True,True
2021,8,20.918817204301074,35.6,7.9,0.4,12.0,31,31,1.0,31,1.0,1.0,0.03225806451612903,True,True
2021,9,24.310833333333335,39.7,12.4,0.4266666666666667,5.2,30,30,6.0,30,1.0,1.0,0.2,True,True
2021,10,21.69314516129032,35.0,11.9,3.787096774193548,36.8,31,31,11.0,31,1.0,1.0,0.3548387096774194,True,True
2021,11,23.8175,35.9,13.0,5.473333333333333,66.39999999999999,30,30,5.0,30,1.0,1.0,0.16666666666666666,True,True
2021,12,23.607491818606825,35.1,13.8,5.070967741935484,46.400000000000006,31,31,10.0,31,1.0,1.0,0.3225806451612903,True,True
2022,1,23.546702612132666,35.0,16.3,5.269565217391304,27.799999999999997,23,23,16.0,31,0.7419354838709677,0.7419354838709677,0.6956521739130435,False,False
2022,2,23.925,31.1,17.8,1.9333333333333336,2.6000000000000005,3,3,3.0,28,0.10714285714285714,0.10714285714285714,1.0,False,False
2022,3,,,,,,0,0,0.0,31,0.0,0.0,,False,False
2022,4,23.65138888888889,31.7,17.9,0.0,0.0,3,3,0.0,30,0.1,0.1,0.0,False,False
2022,5,18.13951612903226,31.3,5.3,1.0516129032258066,13.0,31,31,4.0,31,1.0,1.0,0.12903225806451613,True,True
2022,6,18.14125,28.4,6.9,2.3133333333333335,38.6,30,30,7.0,30,1.0,1.0,0.23333333333333334,True,True
2022,7,20.188575268817203,30.1,8.5,0.03225806451612903,1.0,31,31,1.0,31,1.0,1.0,0.03225806451612903,True,True
2022,8,19.013037634408605,33.2,7.3,0.8838709677419355,15.8,31,31,6.0,31,1.0,1.0,0.1935483870967742,True,True
2022,9,19.4025,34.9,10.0,2.4133333333333336,19.400000000000002,30,30,10.0,30,1.0,1.0,0.3333333333333333,True,True
2022,10,22.713172043010754,36.2,14.0,2.574193548387097,20.2,31,31,7.0,31,1.0,1.0,0.22580645161290322,True,True
2022,11,21.948333333333334,34.1,10.1,1.48,14.0,30,30,6.0,30,1.0,1.0,0.2,True,True
2022,12,23.24529569892473,35.1,14.9,10.141935483870967,72.4,31,31,18.0,31,1.0,1.0,0.5806451612903226,True,True
2023,1,23.22802127162225,33.2,16.9,8.161290322580646,32.0,31,31,19.0,31,1.0,1.0,0.6129032258064516,True,True
2023,2,23.268601190476193,33.3,17.8,8.507142857142856,44.8,28,28,20.0,28,1.0,1.0,0.7142857142857143,True,True
2023,3,23.861693548387095,33.4,17.1,5.580645161290323,35.2,31,31,10.0,31,1.0,1.0,0.3225806451612903,True,True
2023,4,21.29861111111111,32.3,11.1,1.853333333333333,18.799999999999997,30,30,6.0,30,1.0,1.0,0.2,True,True
2023,5,19.386693548387097,30.5,11.0,1.5870967741935482,28.599999999999994,31,31,3.0,31,1.0,1.0,0.0967741935483871,True,True
2023,6,17.94291666666667,29.7,7.0,2.2,44.8,30,30,3.0,30,1.0,1.0,0.1,True,True
2023,7,18.869220430107525,30.4,6.1,0.019354838709677424,0.4,31,31,0.0,31,1.0,1.0,0.0,True,True
2023,8,21.1247311827957,35.4,11.9,0.567741935483871,15.2,31,31,2.0,31,1.0,1.0,0.06451612903225806,True,True
2023,9,24.695833333333333,39.6,10.8,0.44,8.2,30,30,2.0,30,1.0,1.0,0.06666666666666667,True,True
2023,10,23.884408602150536,36.8,16.2,3.4516129032258065,29.0,31,31,12.0,31,1.0,1.0,0.3870967741935484,True,True
2023,11,25.403055555555557,39.5,11.5,2.44,14.8,30,30,11.0,30,1.0,1.0,0.36666666666666664,True,True
2023,12,26.10268817204301,38.4,15.3,2.4,19.0,31,31,6.0,31,1.0,1.0,0.1935483870967742,True,True
2024,1,24.531854838709677,36.8,14.6,4.877419354838709,50.4,31,31,11.0,31,1.0,1.0,0.3548387096774194,True,True
2024,2,25.09367816091954,36.2,17.5,3.613793103448276,37.4,29,29,9.0,29,1.0,1.0,0.3103448275862069,True,True
2024,3,24.756720430107528,36.2,17.3,4.470967741935484,29.2,31,31,9.0,31,1.0,1.0,0.2903225806451613,True,True
2024,4,23.96333333333333,33.9,13.4,2.7733333333333334,35.6,30,30,7.0,30,1.0,1.0,0.23333333333333334,True,True
2024,5,22.173521505376346,33.3,6.4,0.5870967741935483,10.6,31,31,3.0,31,1.0,1.0,0.0967741935483871,True,True
2024,6,21.373749999999998,31.2,12.1,0.02,0.6,30,30,0.0,30,1.0,1.0,0.0,True,True
2024,7,19.54220430107527,31.5,10.7,0.6000000000000001,12.0,31,31,2.0,31,1.0,1.0,0.06451612903225806,True,True
2024,8,20.912096774193547,36.0,6.9,0.9032258064516129,16.6,31,31,3.0,31,1.0,1.0,0.0967741935483871,True,True
2024,9,25.709305555555556,39.3,13.7,0.35333333333333333,10.2,30,30,1.0,30,1.0,1.0,0.03333333333333333,True,True
2024,10,24.212903225806453,39.7,13.8,3.0,45.2,31,31,6.0,31,1.0,1.0,0.1935483870967742,True,True
2024,11,23.990000000000002,36.0,15.8,6.34,64.6,30,30,11.0,30,1.0,1.0,0.36666666666666664,True,True
2024,12,23.944220430107528,34.9,16.9,6.974193548387096,39.8,31,31,15.0,31,1.0,1.0,0.4838709677419355,True,True
2025,1,24.716129032258067,34.3,15.4,5.335483870967742,41.4,31,31,12.0,31,1.0,1.0,0.3870967741935484,True,True
2025,2,25.304464285714285,35.4,18.6,1.885714285714286,15.4,28,28,9.0,28,1.0,1.0,0.32142857142857145,True,True
2025,3,25.076344086021507,35.9,16.1,2.0129032258064514,23.999999999999996,31,31,5.0,31,1.0,1.0,0.16129032258064516,True,True
2025,4,22.434305555555557,33.7,15.0,1.5866666666666667,22.0,30,30,6.0,30,1.0,1.0,0.2,True,True
2025,5,20.092069892473116,30.9,6.1,0.39354838709677425,6.800000000000001,31,31,3.0,31,1.0,1.0,0.0967741935483871,True,True
2025,6,17.964245169082126,28.5,4.3,3.066666666666667,26.8,30,30,8.0,30,1.0,1.0,0.26666666666666666,True,True
2025,7,17.24464118747078,30.4,7.4,0.3290322580645161,10.0,31,31,1.0,31,1.0,1.0,0.03225806451612903,True,True
2025,8,19.50994623655914,34.0,4.7,0.05161290322580645,1.0,31,31,1.0,31,1.0,1.0,0.03225806451612903,True,True
2025,9,22.98361111111111,37.4,12.5,0.14,4.0,30,30,1.0,30,1.0,1.0,0.03333333333333333,True,True
2025,10,22.507083333333334,37.9,11.2,2.9066666666666667,22.0,30,30,10.0,31,0.967741935483871,0.967741935483871,0.3333333333333333,True,True
2025,11,22.67161231884058,36.6,12.7,3.44,35.800000000000004,30,30,12.0,30,1.0,1.0,0.4,True,True
2025,12,24.786340579710146,36.5,16.8,6.073333333333334,50.4,30,30,20.0,31,0.967741935483871,0.967741935483871,0.6666666666666666,True,True
